{"cameraMode":{"drawMode":0,"name":"Shaded","section":"Shading Mode"},"sceneLighting":true,"audioPlay":false,"sceneViewState":{"showFog":true,"showMaterialUpdate":false,"showSkybox":true,"showFlares":true,"showImageEffects":true,"showParticleSystems":true},"in2DMode":false,"pivot":{"x":149.275390625,"y":13.127534866333008,"z":-8.14044189453125},"rotation":{"x":-0.3740634620189667,"y":0.2814839482307434,"z":-0.12027571350336075,"w":-0.8754301071166992},"size":110.35204315185547,"orthographic":false}