{"cameraMode":{"drawMode":0,"name":"Shaded","section":"Shading Mode"},"sceneLighting":true,"audioPlay":false,"sceneViewState":{"showFog":true,"showMaterialUpdate":false,"showSkybox":true,"showFlares":true,"showImageEffects":true,"showParticleSystems":true},"in2DMode":false,"pivot":{"x":-5.719998359680176,"y":0.8170371651649475,"z":0.0},"rotation":{"x":-0.036013033241033557,"y":0.9250730872154236,"z":-0.09077069908380509,"w":-0.36702007055282595},"size":8.253473281860352,"orthographic":false}